EmployeeKey;FirstName;LastName
1;Guy;Gilbert
2;Kevin;Brown
3;Roberto;Tamburello
4;Rob;Walters
5;Rob;Walters
6;Thierry;D'Hers
7;David;Bradley
8;David;Bradley
9;JoLynn;Dobney
10;Ruth;Ellerbrock
11;Gail;Erickson
12;Barry;Johnson
13;Jossef;Goldberg
14;Terri;Duffy
15;Sidney;Higa
16;Taylor;Maxwell
17;Jeffrey;Ford
18;Jo;Brown
19;Doris;Hartwig
20;John;Campbell
21;Diane;Glimp
22;Steven;Selikoff
23;Peter;Krebs
24;Stuart;Munson
25;Greg;Alderson
26;David;Johnson
27;Zheng;Mu
28;Ivo;Salmre
29;Paul;Komosinski
30;Ashvini;Sharma
31;Kendall;Keil
32;Paula;Barreto de Mattos
33;Alejandro;McGuel
34;Garrett;Young
35;Jian Shuo;Wang
36;Susan;Eaton
37;Vamsi;Kuppa
38;Alice;Ciccu
39;Simon;Rapier
40;Jinghao;Liu
41;Michael;Hines
42;Yvonne;McKay
43;Peng;Wu
44;Jean;Trenary
45;Russell;Hunter
46;A. Scott;Wright
47;Fred;Northup
48;Sariya;Harnpadoungsataya
49;Willis;Johnson
50;Jun;Cao
51;Christian;Kleinerman
52;Susan;Metters
53;Reuben;D'sa
54;Kirk;Koenigsbauer
55;David;Ortiz
56;Tengiz;Kharatishvili
57;Hanying;Feng
58;Kevin;Liu
59;Annik;Stahl
60;Suroor;Fatima
61;Deborah;Poe
62;Jim;Scardelis
63;Carole;Poland
64;George;Li
65;Gary;Yukish
66;Cristian;Petculescu
67;Raymond;Sam
68;Janaina;Bueno
69;Bob;Hohman
70;Shammi;Mohamed
71;Linda;Moschell
72;Mindy;Martin
73;Wendy;Kahn
74;Kim;Ralls
75;Sandra;Reátegui Alayo
76;Kok-Ho;Loh
77;Douglas;Hite
78;James;Kramer
79;Sean;Alexander
80;Nitin;Mirchandani
81;Diane;Margheim
82;Rebecca;Laszlo
83;Rajesh;Patel
84;Vidur;Luthra
85;John;Evans
86;Nancy;Anderson
87;Pilar;Ackerman
88;David;Yalovsky
89;David;Hamilton
90;Laura;Steele
91;Margie;Shoop
92;Zainal;Arifin
93;Lorraine;Nay
94;Fadi;Fakhouri
95;Ryan;Cornelsen
96;Candy;Spoon
97;Nuan;Yu
98;William;Vong
99;William;Vong
100;Bjorn;Rettig
101;Scott;Gode
102;Michael;Rothkugel
103;Lane;Sacksteder
104;Pete;Male
105;Dan;Bacon
106;David;Barber
107;Lolan;Song
108;Paula;Nartker
109;Mary;Gibson
110;Mindaugas;Krapauskas
111;Eric;Gubbels
112;Ken;Sánchez
113;Jason;Watters
114;Mark;Harrington
115;Janeth;Esteves
116;Marc;Ingle
117;Gigi;Matthew
118;Paul;Singh
119;Frank;Lee
120;François;Ajenstat
121;Diane;Tibbott
122;Jill;Williams
123;Angela;Barbariol
124;Matthias;Berndt
125;Bryan;Baker
126;Jeff;Hay
127;Eugene;Zabokritski
128;Barbara;Decker
129;Chris;Preston
130;Sean;Chai
131;Dan;Wilson
132;Mark;McArthur
133;Bryan;Walton
134;Houman;Pournasseh
135;Sairaj;Uddin
136;Michiko;Osada
137;Benjamin;Martin
138;Cynthia;Randall
139;Kathie;Flood
140;Britta;Simon
141;Brian;Lloyd
142;David;Liu
143;Laura;Norman
144;Laura;Norman
145;Michael;Patten
146;Andy;Ruth
147;Yuhong;Li
148;Robert;Rounthwaite
149;Andreas;Berglund
150;Reed;Koch
151;Linda;Randall
152;James;Hamilton
153;Ramesh;Meyyappan
154;Stephanie;Conroy
155;Samantha;Smith
156;Tawana;Nusbaum
157;Denise;Smith
158;Hao;Chen
159;Alex;Nayberg
160;Eugene;Kogan
161;Brandon;Heidepriem
162;Dylan;Miller
163;Shane;Kim
164;John;Chen
165;Karen;Berge
166;Jose;Lugo
167;Mandar;Samant
168;Mikael;Sandberg
169;Sameer;Tejani
170;Dragan;Tomic
171;Carol;Philips
172;Rob;Caron
173;Don;Hall
174;Alan;Brewer
175;David;Lawrence
176;Baris;Cetinok
177;Michael;Ray
178;Steve;Masters
179;Suchitra;Mohan
180;Karen;Berg
181;Terrence;Earls
182;Barbara;Moreland
183;Chad;Niswonger
184;Rostislav;Shabalin
185;Belinda;Newman
186;Katie;McAskill-White
187;Russell;King
188;Jack;Richins
189;Andrew;Hill
190;Nicole;Holliday
191;Frank;Miller
192;Peter;Connelly
193;Anibal;Sousa
194;Ken;Myer
195;Grant;Culbertson
196;Michael;Entin
197;Lionel;Penuchot
198;Thomas;Michaels
199;Jimmy;Bischoff
200;Michael;Vanderhyde
201;Lori;Kane
202;Arvind;Rao
203;Stefen;Hesse
204;Hazem;Abolrous
205;Janet;Sheperdigian
206;Elizabeth;Keyser
207;Terry;Eminhizer
208;John;Frum
209;Merav;Netz
210;Brian;LaMee
211;Kitti;Lertpiriyasuwat
212;Jay;Adams
213;Jan;Miksovsky
214;Brenda;Diaz
215;Andrew;Cencini
216;Chris;Norred
217;Chris;Okelberry
218;Shelley;Dyck
219;Gabe;Mares
220;Mike;Seamans
221;Michael;Raheem
222;Gary;Altman
223;Charles;Fitzgerald
224;Ebru;Ersan
225;Sylvester;Valdez
226;Brian;Goldstein
227;Linda;Meisner
228;Betsy;Stadick
229;Magnus;Hedlund
230;Karan;Khanna
231;Mary;Baker
232;Kevin;Homer
233;Mihail;Frintu
234;Bonnie;Kearney
235;Fukiko;Ogisu
236;Hung-Fu;Ting
237;Gordon;Hee
238;Kimberly;Zimmerman
239;Kim;Abercrombie
240;Sandeep;Kaliyath
241;Prasanna;Samarawickrama
242;Frank;Pellow
243;Min;Su
244;Eric;Brown
245;Eric;Kurjan
246;Pat;Coleman
247;Maciej;Dusza
248;Erin;Hagens
249;Patrick;Wedge
250;Frank;Martinez
251;Ed;Dudenhoefer
252;Christopher;Hill
253;Patrick;Cook
254;Krishna;Sunkammurali
255;Lori;Penor
256;Danielle;Tiedt
257;Sootha;Charncherngkha
258;Michael;Zwilling
259;Randy;Reeves
260;John;Kane
261;Jack;Creasey
262;Olinda;Turner
263;Stuart;Macrae
264;Jo;Berry
265;Ben;Miller
266;Tom;Vande Velde
267;Ovidiu;Cracium
268;Annette;Hill
269;Janice;Galvin
270;Reinout;Hillmann
271;Michael;Sullivan
272;Stephen;Jiang
273;Wanida;Benshoof
274;Sharon;Salavaria
275;John;Wood
276;Mary;Dempsey
277;Brian;Welcker
278;Sheela;Word
279;Sheela;Word
280;Sheela;Word
281;Michael;Blythe
282;Linda;Mitchell
283;Jillian;Carson
284;Garrett;Vargas
285;Tsvi;Reiter
286;Pamela;Ansman-Wolfe
287;Shu;Ito
288;José;Saraiva
289;David;Campbell
290;Amy;Alberts
291;Jae;Pak
292;Ranjit;Varkey Chudukatil
293;Tete;Mensa-Annan
294;Syed;Abbas
295;Rachel;Valdez
296;Lynn;Tsoflias
